name,kind,a,b,c
3Red Partners,greenhouse,3redpartners,,
A11,greenhouse,projectaservicesgmbhcokg,,
a16z,greenhouse,a16z,,
Acceleration Partners,greenhouse,accelerationpartners,,
Accenture,workday,wd103,accenture,AccentureCareers
Accenture Federal Services,greenhouse,accenturefederalservices,,
Accenture Federal Services Careers Marketplace,greenhouse,afscareersmarketplace,,
Accrue,greenhouse,accrue,,
Acrisure,greenhouse,acsjobs,,
Acrisure Innovation,greenhouse,acrisureinnovation,,
Acumen,greenhouse,acumen,,
Addepar,greenhouse,addepar1,,
Adyen,greenhouse,adyen,,
Affirm,greenhouse,affirm,,
AgWest Farm Credit,greenhouse,agwestfarmcredit,,
AIG,workday,wd1,aig,aig
AKKO,greenhouse,akko,,
Aktos,greenhouse,applytoaktos,,
Akuna Capital,greenhouse,akunacapital,,
"Albert & Mackenzie, LLP",greenhouse,albertmackenziellp,,
Alexander Shunnarah Trial Attorneys,greenhouse,shunnarahcareers,,
Alexandra Lozano Immigration Law PLLC,greenhouse,alexandralozanoimmigrationlawpllc,,
Alight,workday,wd5,alight,Careers
AlixPartners,greenhouse,alixpartners,,
Alloy,greenhouse,alloy,,
Alma,greenhouse,alma31,,
Alpaca,greenhouse,alpaca,,
Alpha Financial Markets Consulting,greenhouse,alphafmcroles,,
Alpha FMC - Insurance Consulting,greenhouse,insurance,,
AlphaGrep Securities,greenhouse,alphagrepsecurities,,
Alpine Investors,greenhouse,alpineinvestors,,
Alpine Investors,greenhouse,alpineinternships,,
ALTEN Technology USA,greenhouse,altentechnologyusa,,
AltScore,greenhouse,altscore,,
Alumni Ventures,greenhouse,alumniventures,,
AMEND Consulting,greenhouse,amendconsulting,,
Amoria Group,greenhouse,amoriabond,,
Ansa,greenhouse,ansa,,
Antora Energy,greenhouse,antora,,
Aperia,greenhouse,aperiasolutions,,
AQR,greenhouse,aqr,,
Aquatic Capital Management,greenhouse,aquaticcapitalmanagement,,
Arcadia,greenhouse,arcadiacareers,,
Arcana Analytics,greenhouse,arcanaanalytics,,
Archrival,greenhouse,archrival,,
Arlo Solutions LLC,greenhouse,arlosolutionsllc,,
Artefact,greenhouse,artefact,,
Artisan Partners,greenhouse,artisanpartners,,
Ascend Analytics,greenhouse,ascendanalytics,,
Assured Guaranty,greenhouse,assuredguaranty,,
Atlas HXM,greenhouse,atlasxhm,,
Attain,greenhouse,attain,,
Attain Partners,greenhouse,attainpartners,,
Attivo Partners,greenhouse,attivopartners,,
"Atwell, LLC",greenhouse,atwellgroup,,
Audax Group,greenhouse,audaxgroup,,
Auros,greenhouse,aurosglobal,,
Axi,greenhouse,axicorpfinancialservicesptyltd,,
Axicom,greenhouse,axicom,,
Axiom,greenhouse,axiom,,
AXS,greenhouse,axs,,
Aypa Power,greenhouse,aypapower,,
B. Riley Securities,greenhouse,brileysecurities,,
Bank of America,workday,wd1,ghr,Lateral-APAC
Bank of America,workday,wd1,ghr,lateral-ba_continuum
Bank of America,workday,wd1,ghr,Lateral-EMEA
Bank of America,workday,wd1,ghr,Lateral-US
Barclays,workday,wd3,barclays,External_Career_Site_Barclays
Baron Capital,greenhouse,baroncapital,,
Baselayer,greenhouse,baselayer,,
BDO,workday,wd105,bdoau,BDOEarlyCareers
BDO,workday,wd3,bdo,BDO
BearingPoint,greenhouse,bearingpoint,,
BerlinRosen,greenhouse,berlinrosen,,
Bertram Capital Management,greenhouse,bertramcapitalmanagement,,
Betterment,greenhouse,betterment,,
Beyond Finance,greenhouse,beyondfinance,,
BILL,greenhouse,billcom,,
Bitcoin Depot,greenhouse,bitcoindepot,,
BitGo,greenhouse,bitgo,,
BitMEX,greenhouse,bitmex,,
Bitpanda,greenhouse,bitpanda,,
Bitso,greenhouse,bitso,,
Black Canyon Consulting,greenhouse,blackcanyonconsulting,,
BlackRock,workday,wd1,blackrock,BlackRock_Professional
Blockchain.com,greenhouse,blockchain,,
Blue Rose Research,greenhouse,blueroseresearch,,
Blue Water Thinking,greenhouse,bluewaterthinking,,
BlueCrest Capital Management,greenhouse,bluecrestcapitalmanagement,,
Bluevine - India,greenhouse,bluevineindia,,
Bluevine - US,greenhouse,bluevineus,,
BluShark Digital,greenhouse,blusharkdigital,,
Bold Business,greenhouse,boldbusiness,,
Bottomline,greenhouse,bottomlinetechnologies,,
Bracebridge Capital,greenhouse,bracebridgecapital,,
Branch,greenhouse,branch,,
BRAVO - A Cooperative Company,greenhouse,bravo,,
Breeze,greenhouse,breezecash,,
Brex,greenhouse,brex,,
Bridgewater Associates,greenhouse,bridgewater89,,
Brightcore Energy,greenhouse,brightcoreenergy,,
Brunswick Group,greenhouse,brunswickgroup,,
BTG Pactual,greenhouse,btgpactual,,
BTIG,greenhouse,btig27,,
Buzz Solutions,greenhouse,buzzsolutions,,
BVNK,greenhouse,bvnk,,
Bybit,greenhouse,bybit,,
C6 Bank,greenhouse,c6bank,,
CAIS,greenhouse,cais,,
Capco,greenhouse,capco,,
Capgemini,greenhouse,cambridgeconsultantslimited,,
Capgemini,greenhouse,jobsatpurpose,,
CapIntel,greenhouse,capintel,,
Capital Farm Credit,greenhouse,capitalfarmcredit,,
Capital Group,workday,wd1,capgroup,capitalgroupcareers
Capital on Tap,greenhouse,capitalontap,,
Capital One,workday,wd12,capitalone,Capital_One
Capstone,greenhouse,capstonedc,,
Carbon Direct,greenhouse,carbondirect,,
Carbonfuture,greenhouse,carbonfuture,,
Career Team,greenhouse,careerteam,,
Careers at Libra Group,greenhouse,thelibragroup,,
Careers at Tide,greenhouse,tide,,
Caribou Financial,greenhouse,caribou,,
Carta,greenhouse,carta,,
Cattaneo Zanetto Pomposo Co.,greenhouse,cattaneozanetto,,
CFO Insights,greenhouse,cfoinsights,,
Champions Group Holdings,greenhouse,championsgroupholdings,,
ChargePoint,greenhouse,chargepoint,,
Charles River Associates,greenhouse,charlesriverassociates,,
Chatham Financial,greenhouse,chathamfinancial,,
Checkbook,greenhouse,checkbook,,
Checkout.com,workday,wd3,checkout,CheckoutCareers
ChenMoore,greenhouse,chenmoore,,
Cherry Ventures,greenhouse,cherryventures,,
Chevron,workday,wd5,chevron,jobs
Chevron,workday,wd5,chevron,University
Chevron,workday,wd1,chevronstations,CSI
"Chime Financial, Inc",greenhouse,chime,,
Citi,workday,wd5,citi,2
"Citrus Health Group, Inc",greenhouse,citrushealthgroup,,
Civil Science,greenhouse,civilscience,,
Clara,greenhouse,clara,,
Clear Street,greenhouse,clearstreet,,
ClearScore Technology Limited,greenhouse,clearscoretechnologylimited,,
ClearView Healthcare Partners,greenhouse,clearviewhealthcarepartners,,
Clearway Energy,greenhouse,clearwayjobs,,
Climate Finance Solutions,greenhouse,climatefinancesolutions,,
CMBlu Energy AG,greenhouse,cmbluenergyag,,
Coast,greenhouse,coast,,
Cobalt Service Partners,greenhouse,cobaltservicepartners,,
"Cobblestone Energy -  Dubai, UAE.",greenhouse,cobblestoneenergy4,,
Cobre,greenhouse,cobre,,
Codal,greenhouse,codalinc,,
Coefficient,greenhouse,coefficient,,
COFRA Holding,greenhouse,cofraholding,,
Common Thread Collective,greenhouse,commonthreadcollective,,
Compeer Financial,greenhouse,compeerfinancial,,
ComplyAdvantage,greenhouse,complyadvantage,,
Concentrix,workday,wd1,cnx,external_global
ConocoPhillips,workday,wd1,conocophillips,External
ConocoPhillips,workday,wd1,conocophillips,eQuest
Convera,greenhouse,convera,,
Cook Systems,greenhouse,cooksys,,
Copper.co,greenhouse,copperco,,
Corporate Synergies,greenhouse,corpsyn,,
Counterpart,greenhouse,counterpart,,
Credible,greenhouse,credible,,
Credit Karma,greenhouse,creditkarma,,
Credit Union of Colorado,greenhouse,creditunionofcolorado,,
Crisp Recruit,greenhouse,crisprecruit,,
Cro Metrics,greenhouse,crometrics,,
Cross River Bank,greenhouse,crossriverbank,,
CTC Lateral - Website & LinkedIn,greenhouse,chicagotrading,,
Curi Capital,greenhouse,curicapital,,
Current,greenhouse,current81,,
CVX Ventures,greenhouse,cvx,,
Cybrid,greenhouse,cybrid,,
D2 Technical Services,greenhouse,d2consulting,,
Databento,greenhouse,databento,,
Davis Polk & Wardwell LLP,workday,wd5,davispolk,business-professionals-services-usa
Daylight,greenhouse,daylight,,
DBS Bank,workday,wd3,dbs,DBS_Careers
Decima International,greenhouse,decimainternational,,
Delivery Associates,greenhouse,deliveryassociates,,
DEPT®,greenhouse,dept,,
Deutsche Bank,workday,wd3,db,DWSWebsite
Deutsche Bank,workday,wd3,db,DBWebsite
Dexis,greenhouse,dexisconsultinggroup,,
Dialectic,greenhouse,dialecticch,,
Diligent Services,greenhouse,diligent,,
DistantJob,greenhouse,distantjob,,
DKatalis,greenhouse,dkatalislabs,,
DriveWealth,greenhouse,drivewealth,,
DRW,greenhouse,drweng,,
DRW Montreal,greenhouse,drwfr,,
DV Trading,greenhouse,dvtrading,,
dv01,greenhouse,dv01,,
"Dynamis, Inc.",greenhouse,dynamisinc,,
EarnIn,greenhouse,earnin,,
EBANX,greenhouse,ebanx,,
Eclipse Trading,greenhouse,eclipsetrading,,
EKN Engineering,greenhouse,eknengineering,,
Elevations Credit Union,greenhouse,elevationscreditunion,,
Energy Exemplar,greenhouse,energyexemplarllc,,
Energy Solutions - USA,greenhouse,energysolutions,,
EnergyHub,greenhouse,energyhub,,
energytec.ai,greenhouse,etec,,
Engelhart,greenhouse,engelhart,,
Engineers Gate,greenhouse,engineersgate,,
Enhesa,greenhouse,enhesa,,
Enova International,greenhouse,enova,,
Envision Consulting,greenhouse,envisionconsulting,,
Enviva,greenhouse,enviva,,
"Envoy Global, Inc.",greenhouse,envoyglobalinc,,
EPIC Brokers,greenhouse,edgewoodpartnersinsurancecenter,,
Episode Six,greenhouse,episodesix,,
Episode Six US,greenhouse,episodesixlinkedin,,
EQT Corporation,greenhouse,eqtcorporation,,
EQT Group,greenhouse,eqtpartners,,
Equal Experts,greenhouse,equalexperts,,
Eqvilent,greenhouse,eqvilentjobs,,
Eraneos,workday,wd3,eraneos,Eraneos_External_Career_Site
eScribers,greenhouse,escribers,,
ESS,greenhouse,ess,,
Ethos Life,greenhouse,ethoslife,,
Euclid Power,greenhouse,euclidpower,,
Euronext,workday,wd3,hrhub,Euronext_Career_Page
EXANTE,greenhouse,xntltd,,
Exodus Movement Inc.,greenhouse,exodus54,,
Factorial Energy,greenhouse,factorialenergy,,
Faircom New York,greenhouse,faircomny,,
FalconX,greenhouse,falconx,,
Farther,greenhouse,fartherfinance,,
Federato,greenhouse,federato,,
Fetch,greenhouse,fetch,,
FFG FINANZCHECK Finanzportale GmbH,greenhouse,finanzcheck,,
FGS Global,greenhouse,fgsglobal,,
Fidelity International,workday,wd3,fil,001
Figure Lending,greenhouse,figure,,
Financial Technology Partners,greenhouse,financialtechnologypartners,,
Finster AI,greenhouse,finsterai,,
Fireblocks,greenhouse,fireblocks,,
First Connect Insurance,greenhouse,firstconnectinsurance,,
FirstMind,greenhouse,firstmind,,
FIS® Amount™,greenhouse,amount,,
Five Rings LLC - Careers,greenhouse,fiveringsllc,,
Five Rings LLC - Events,greenhouse,fiveringsevents,,
Flagstone Group LTD,greenhouse,flagstone,,
Flex,greenhouse,flex,,
Flow Traders,greenhouse,flowtraders,,
FNZ,workday,wd3,fnz,fnz_careers
Focus Financial Partners,greenhouse,focusfinancialpartners,,
Focus Partners Australia & Escala Partners,greenhouse,focuspartnersaustralia,,
Foley Hoag LLP,greenhouse,foleyhoag,,
Fora Financial,greenhouse,forafinancial,,
Found,greenhouse,found,,
Foundation Risk Partners,greenhouse,foundationriskpartners,,
Freshfields Bruckhaus Deringer,workday,wd3,freshfields,FBD_101
FTI Consulting,workday,wd108,fticonsulting,FTIConsultingCareers
G-Research,workday,wd103,gresearch,G-Research
Galileo Financial Technologies,greenhouse,galileofinancialtechnologies,,
Gallup,greenhouse,gallup,,
GAM Investments,workday,wd3,gam,GAM
Garda Capital Partners,greenhouse,gardacp,,
Gas South,greenhouse,gassouth,,
GE Vernova,workday,wd5,gevernova,Vernova_ExternalSite
Gelber Group,greenhouse,gelbergroup,,
Gelber Group Handshake,greenhouse,gelberhandshake,,
Gemini,greenhouse,gemini,,
General Atlantic,greenhouse,generalatlantic,,
General Matter,greenhouse,generalmatter,,
Geneva Trading,greenhouse,genevatrading,,
Giga Energy,greenhouse,gigaenergy,,
Glencore,workday,wd3,glencore,astronenergy
Glencore,workday,wd3,gcaa,GCAA_Careers
Glencore,greenhouse,glencoreukwx,,
Global Accelerator,greenhouse,globalaccelerator,,
Global Energy Alliance for People and Planet (Global Energy Alliance) LLC,greenhouse,globalenergyallianceforpeopleandplanetgeappllc,,
Globalli,greenhouse,globalli,,
GoCardless,greenhouse,gocardless,,
Golden State,greenhouse,goldenstate,,
Gore Mutual Insurance,greenhouse,goremutualinsurance,,
"Gotion, Inc.",greenhouse,gotion,,
"Graham Capital Management, L.P.",greenhouse,grahamcapitalmanagement,,
Grant Thornton,workday,wd105,grantthorntonaus,GTA
Grant Thornton,workday,wd3,rcgt,External
Grant Thornton,workday,wd3,ukgrantt,CareersGrantThornton
Grayscale Investments,greenhouse,grayscaleinvestments,,
Group14 Technologies,greenhouse,group14,,
Groww,greenhouse,groww,,
GSA Capital,greenhouse,gsacapital,,
Guidepoint,greenhouse,guidepoint,,
Gunvor,workday,wd3,gunvor,Gunvor_Careers
HALA,greenhouse,hala,,
Hanwha Renewables,greenhouse,hanwharenewables,,
Happy Money,greenhouse,happymoney,,
Harbor,greenhouse,harborglobal,,
Harris Associates,greenhouse,harrisassociates,,
Highnote,greenhouse,highnote,,
Hive Financial Systems,greenhouse,hivefinancialsystems,,
Hometap,greenhouse,hometap,,
Horace Mann,greenhouse,horacemannservicecorporation,,
Howden,workday,wd3,hyperiongrp,Hyperion_External
HPR,greenhouse,hyannisportresearch,,
Hudson River Trading,greenhouse,wehrtyou,,
HugeInc,greenhouse,hugeinc,,
Human Agency,greenhouse,humanagency,,
Human Interest,greenhouse,humaninterest,,
Hut 8,greenhouse,hut8,,
Hyphen Connect Limited,greenhouse,hyphenconnect,,
iCapital,greenhouse,icapitalnetwork,,
Ice Miller,greenhouse,icemiller,,
ICONIQ,greenhouse,iconiq,,
IDEO,greenhouse,ideo,,
IEQ Capital,greenhouse,ieqcapital,,
IMC,greenhouse,imc,,
InCharge Energy,greenhouse,inchargeenergy,,
Inizio Ignite,greenhouse,ashfieldadvisory,,
Inizio Ignite | Research Partnership,greenhouse,researchpartnership,,
Inizio Ignite | STEM,greenhouse,stemhealthcare,,
Inizio Ignite | Vynamic,greenhouse,vynamic,,
Instead,greenhouse,instead,,
Insurify,greenhouse,insurify,,
Insurtech Insights,greenhouse,insurtechinsights,,
IntegraFEC,greenhouse,integra,,
"Integrated Specialty Coverages, LLC",greenhouse,isccareers,,
Interactive Brokers,greenhouse,ibkr,,
Intermex Wire Transfer,greenhouse,intermexwiretransfer,,
Interview Engineering,greenhouse,interviewengineering,,
InterWorks,greenhouse,interworks,,
Investors Community Bank,greenhouse,icb,,
"IPX Power USA, LLC",greenhouse,ipxpower,,
isaac,greenhouse,isaac,,
ISS STOXX,workday,wd1,issgovernance,ISScareers
Jane Street,greenhouse,janestreet,,
Janea Systems,greenhouse,janeasystems,,
Jensen Hughes,greenhouse,jensenhughes,,
Johnson Law Group,greenhouse,johnsonlawgroup,,
JOSKO Services,greenhouse,joskoasp,,
Jump Crypto,greenhouse,jumpcrypto,,
Jump Trading,greenhouse,jumptrading,,
Juno,greenhouse,juno,,
Kairos Power,greenhouse,kairospower,,
Kalepa,greenhouse,kalepa,,
Kalshi,greenhouse,kalshi,,
Kapitus,greenhouse,kapitus,,
KBRA,greenhouse,krollbondratingagency,,
Keller Postman,greenhouse,kellerpostman,,
Kepler Group,greenhouse,keplergroup,,
Keystone,greenhouse,keystone,,
Kiavi,greenhouse,kiavi,,
Koalafi,greenhouse,koalafi,,
KoBold Metals,greenhouse,koboldmetals,,
KoBold Metals Zambia,greenhouse,zambold,,
"Koley Jessen P.C., L.L.O",greenhouse,koleyjessen,,
Kronos Research,greenhouse,kronosresearch,,
Kunai,greenhouse,kunai,,
LearnLux,greenhouse,learnlux,,
LendingTree,greenhouse,lendingtree,,
Levio,greenhouse,levio,,
LGT Group,workday,wd502,lgtcp,lgtcpcurrentvacancies
LGT Group,workday,wd3,lgt,lgtcurrentvacancies
Liberate,greenhouse,liberate,,
Liberis,greenhouse,liberis,,
Life Trading,greenhouse,lifetrading,,
LINK,greenhouse,link,,
Linklaters,workday,wd3,linklaters,Linklaters
Lithic,greenhouse,lithic,,
Littlepay,greenhouse,littlepay,,
Lloyd's,workday,wd3,lloyds,Lloyds-of-London
LLR Partners,greenhouse,llrpartnersjobs,,
"Loka, Inc",greenhouse,lokainc,,
LTSE,greenhouse,ltse,,
Lunar Energy,greenhouse,lunarenergy,,
Luno,greenhouse,luno,,
M Booth,greenhouse,mbooth,,
Madano,greenhouse,madano,,
Madison Energy Infrastructure,greenhouse,madisonenergyinfrastructure,,
Mako,greenhouse,mako,,
Man Group,greenhouse,mangroup,,
ManyPets,greenhouse,manygroup,,
MarketAxess,greenhouse,marketaxesscorporation,,
Marqeta,greenhouse,marqeta,,
Marvel Fusion,greenhouse,marvelfusion,,
Massar Capital,greenhouse,massarcapital,,
Mastercard,workday,wd1,mastercard,CorporateCareers
Maven,greenhouse,mavensecuritiesholdingltd,,
Maven - Emerging Talent,greenhouse,emergingtalent,,
McAdams,greenhouse,mcadams,,
McCullough Robertson,greenhouse,mcculloughrobertson,,
MCO,greenhouse,mco,,
MEMX,greenhouse,memx,,
MENA Consultant,greenhouse,menaconsultant,,
Mento,greenhouse,mento,,
Mercer Advisors,greenhouse,merceradvisors,,
Meridian Partners,greenhouse,meridianpartners,,
Mesh,greenhouse,mesh,,
Metabit Technology LLC,greenhouse,metabittechnologyllc,,
"MetOx International, Inc.",greenhouse,metoxinternationalinc,,
Metropolitan Commercial Bank,greenhouse,metropolitancommercialbank,,
MGT Insurance,greenhouse,mgtinsurance,,
"Michael Bonsby HVAC, Plumbing & Electrical",greenhouse,bonsbyhvacplumbing,,
Minnesota Cannabis Services,greenhouse,mcs,,
MIO Partners,greenhouse,miopartners,,
Mission Lane,greenhouse,missionlane,,
Modulr,greenhouse,modulrfinance,,
Momentum Financial Services Group,greenhouse,momentumfinancialservicesgroup,,
MoneyHero Group,greenhouse,moneyherogroup,,
MoneySmart Group,greenhouse,moneysmart,,
Moniepoint,greenhouse,moniepoint,,
Monzo,greenhouse,monzo,,
"Morgan & Morgan, P.A.",greenhouse,morganmorganjobsapplynow,,
Morgan Stanley,workday,wd5,ms,External
MQ Referrals Only,greenhouse,mqreferrals,,
Myers-Holum,greenhouse,mhi,,
MyFunded Futures,greenhouse,myfundedfutures,,
N26,greenhouse,n26,,
Nansen,greenhouse,nansen,,
National Life Insurance Company,greenhouse,nationallifeinsurancecompany,,
Nearform,greenhouse,nearform,,
Neighbors Bank,greenhouse,neighborsbank,,
NEORIS,greenhouse,neoris,,
"New Leaf Energy, Inc.",greenhouse,newleafenergy,,
New York ISO,greenhouse,nyiso,,
Next Insurance,greenhouse,nextinsurance66,,
Nimble Gravity,greenhouse,nimblegravity,,
NinjaTrader,greenhouse,ninjatrader,,
Nira Energy,greenhouse,niraenergy,,
NMI,greenhouse,nmi,,
Nova Credit,greenhouse,novacredit,,
Nova Founders Capital,greenhouse,novafounders,,
Nubank,greenhouse,nubank,,
Numerix,greenhouse,numerix,,
Numeus,greenhouse,numus,,
Ocrolus Inc.,greenhouse,ocrolusinc,,
Octus,greenhouse,octus,,
Offshore Launch,greenhouse,offshorelaunch,,
Ogilvy,greenhouse,ogilvy,,
Ogilvy,greenhouse,ogilvycanada,,
Ogilvy,greenhouse,ogilvygermany,,
Ogilvy,greenhouse,ogilvyspain,,
Ogilvy,greenhouse,ogilvymena,,
Ogilvy,greenhouse,ogilvyuk,,
Ogilvy,greenhouse,ogilvyhealthcanada,,
Ogilvy,greenhouse,ogilvyhealthuk,,
Ogilvy,greenhouse,ogilvyhealthusa,,
OH.io,greenhouse,ohio,,
Oklo,greenhouse,oklo,,
OKX,greenhouse,okx,,
OLIVER Agency,greenhouse,oliver,,
Olsson,greenhouse,olsson,,
ON.energy,greenhouse,onenergy,,
Onbe,greenhouse,onbe,,
Openly,greenhouse,openly,,
Openwork,greenhouse,openwork,,
Ophelos,greenhouse,ophelos,,
Oportun,greenhouse,oportun,,
OppFi,greenhouse,opploans,,
Optiver,greenhouse,optiverus,,
Optiver - Trading Academy,greenhouse,tradingacademy2025,,
Optiver Private Jobs,greenhouse,optiverprivate,,
Opto Investments,greenhouse,optoinvest,,
Orderly,greenhouse,orderly,,
Origis Services - UTILITY SOLAR O&M,greenhouse,secondarysocials,,
Orion Group,greenhouse,oriongroup,,
Our Group,greenhouse,ourgroup,,
Pagaya,greenhouse,pagaya,,
Palmetto Clean Technology,greenhouse,palmettocleantech,,
Panthalassa,greenhouse,panthalassa,,
Pantheon Ventures Careers,greenhouse,pantheonpublic,,
Particle41,greenhouse,particle41llc,,
"Pathward, N.A.",greenhouse,pathward,,
Payoneer,greenhouse,payoneer,,
PayPal,workday,wd1,paypal,jobs
PayPay,greenhouse,paypay,,
PayPay Card,greenhouse,paypaycard,,
PayPay India,greenhouse,pay2dc,,
Paystack,greenhouse,paystack,,
PDT Partners,greenhouse,pdtpartners,,
Perella Weinberg Partners,workday,wd1,pwp,PWP_Experienced_Opportunities
Pharo Management,greenhouse,pharomanagement,,
Phiture GmbH,greenhouse,phiture2,,
Phizenix,greenhouse,phizenix,,
PhonePe,greenhouse,phonepe,,
Pie Insurance,greenhouse,pieinsurance,,
Piermont Bank,greenhouse,piermontbank,,
Pilot.com,greenhouse,pilothq,,
PIMCO,workday,wd1,pimco,pimco-careers
PitchBook Data,greenhouse,pitchbookdata,,
PLS,greenhouse,plscareers,,
Plus Power,greenhouse,pluspower,,
PMG,greenhouse,pmg,,
PNC,workday,wd5,pnc,External
Point,greenhouse,pointdigitalfinance,,
Point C,greenhouse,pointc,,
Point72,greenhouse,point72,,
Polychain Capital,greenhouse,polychaincapital,,
Pontera,greenhouse,pontera,,
Possible Finance,greenhouse,possiblefinancialinc,,
Power Digital,greenhouse,powerdigitalmarketing,,
Presidents Institute,greenhouse,presidents,,
Presidents Institute Sweden,greenhouse,presidentsinstitutesweden,,
Pricefox,greenhouse,pricefox,,
Private Equity Insights,greenhouse,privateequityinsights,,
Prodigal,greenhouse,prodigal,,
Prosek Partners,greenhouse,prosek,,
ProShares,greenhouse,proshares,,
Public,greenhouse,public,,
PwC,workday,wd3,pwc,Global_Experienced_Careers
Qualified Digital,greenhouse,qualifieddigital,,
Quanata,greenhouse,quanata,,
Qube Research & Technologies,greenhouse,quberesearchandtechnologies,,
Quisitive,greenhouse,quisitivejobs,,
Radix Trading Experienced Job Board,greenhouse,radixexperienced,,
Raisin,greenhouse,raisin,,
Razorpay Software Private Limited,greenhouse,razorpaysoftwareprivatelimited,,
Reach3 Insights,greenhouse,reach3insights,,
Reactivate,greenhouse,reactivate,,
Recruitis,greenhouse,recruitis,,
Red Cell Partners,greenhouse,redcellpartners,,
Redpin,greenhouse,currenciesdirect,,
Redwood Materials,greenhouse,redwoodmaterials,,
Relai,greenhouse,technology,,
Relay Payments,greenhouse,relaypayments,,
Remora,greenhouse,remoracarbon,,
Remote People,greenhouse,remotepeople,,
Resource Environmental Solutions LLC,greenhouse,res,,
Retail Insights,greenhouse,retailinsights,,
Reunion Marketing,greenhouse,reunionmarketing,,
RigUp,greenhouse,rigup,,
Ripple,greenhouse,ripple,,
Robinhood,greenhouse,robinhood,,
Roboyo,greenhouse,roboyo,,
Rocket Lawyer,greenhouse,rocketlawyer,,
Rocket Money,greenhouse,truebill,,
Rondo Energy,greenhouse,rondoenergy,,
Rothesay,greenhouse,rothesaylife,,
Rothschild & Co,workday,wd3,rothschildandco,RothschildAndCo_Lateral
Royal Bank of Canada,workday,wd3,rbc,rbcglobal1
RSM,workday,wd105,rsmaus,RSMCareers
RSM,workday,wd1,rsm,rsmcareers
Runwise,greenhouse,runwise,,
RVi Planning + Landscape Architecture,greenhouse,rvi,,
Samlino Group,greenhouse,ceg,,
Santander,workday,wd3,santander,santandercareers
Santander,greenhouse,ebury,,
Santander,greenhouse,getnetplatforms,,
SAX Advisory Group,greenhouse,saxllp,,
Scalapay,greenhouse,scalapaysrl,,
Schonfeld,greenhouse,schonfeld,,
Secretariat,greenhouse,secretariatadvisorsllc,,
Securitize,greenhouse,securitize,,
Self Financial,greenhouse,selffinancial,,
Selini Capital,greenhouse,selinicapital,,
Sertrading,greenhouse,sertradingsa,,
Setpoint,greenhouse,setpoint,,
Seven Research,greenhouse,sevenresearch,,
Sezzle,greenhouse,sezzle,,
SFOX,greenhouse,sfox,,
Shakepay,greenhouse,shakepay,,
Shell,workday,wd3,shell,ShellCareers
Shift4,greenhouse,shift4,,
Signers National,greenhouse,signerscareers,,
Silicon Ranch Corporation,greenhouse,siliconranch,,
Simplex Trading,greenhouse,simplextrading,,
Sixfold,greenhouse,sixfold,,
"Skadden, Arps, Slate, Meagher & Flom LLP",workday,wd5,skadden,Skadden_Careers
smava GmbH,greenhouse,smavagmbh,,
SoFi,greenhouse,sofi,,
Solaris,greenhouse,solarisbank,,
Solid Power,greenhouse,solidpower,,
Soros Fund Management,greenhouse,familyoffice,,
Spade,greenhouse,spade,,
Sparkland,greenhouse,sparkland,,
Spaulding Ridge,greenhouse,spauldingridge,,
SPS-North America,greenhouse,spsnorthamerica,,
SPS-North America Opportunities - Not Externally Posted Board,greenhouse,spsnorthamericaselected,,
Squarepoint Capital,greenhouse,squarepointcapital,,
SRS Acquiom,greenhouse,srsacquiom,,
Stambaugh Ness,greenhouse,stambaughness,,
Standard Nuclear,greenhouse,standardnuclearinc,,
"Sterlington, PLLC",greenhouse,sterlingtonpllc,,
Stone - Linkedin,greenhouse,stone,,
Strata Information Group,greenhouse,stratainformationgroup,,
Strategic HR Client Job Openings,greenhouse,strategichr,,
Strike,greenhouse,strike,,
Stripe,greenhouse,stripe,,
Stronghold Investment Management,greenhouse,strongholdim,,
SumUp,greenhouse,sumup,,
Supporting Strategies,greenhouse,supportingstrategies,,
Sustainable Talent,greenhouse,sustainabletalent,,
Swiss Life,workday,wd3,swisslife,Swiss_Life_Career_Site
Swiss Life,workday,wd3,swisslife,Swiss_Life_Deutschland_Stellenangebote
Swiss Life,workday,wd3,swisslife,Swiss_Life_Asset_Managers_Career_Site
Systemiq,greenhouse,systemiq,,
T. Rowe Price,workday,wd5,troweprice,TRowePriceInternational
T. Rowe Price,workday,wd5,troweprice,TRowePrice
TabaPay,greenhouse,tabapay,,
Tandem Bank,greenhouse,tandemmoneylimited,,
TandemLaunch,greenhouse,tandemlaunch,,
Tanius Technology,greenhouse,tanius,,
tastytrade,greenhouse,tastytrade,,
TD International,greenhouse,tdinternational,,
Teague,greenhouse,teague,,
Temus,greenhouse,temus,,
Teneo external feed for LinkedIn,greenhouse,teneolinkedin,,
The Brattle Group,greenhouse,thebrattlegroup,,
The MJ Companies,greenhouse,themjcos,,
The Nuclear Company,greenhouse,thenuclearcompany,,
"The United Firm | La Liga Defensora, APC",greenhouse,unitedfirm,,
The Virtus Solution,greenhouse,thevirtussolution,,
Thiess,greenhouse,thiess,,
Thomson Reuters,workday,wd5,thomsonreuters,External_Career_Site
Thredd,greenhouse,gps,,
THRIVE,greenhouse,thrive,,
Tipalti,greenhouse,tipaltisolutions,,
TopCompare,greenhouse,topcompare,,
Topstep,greenhouse,topsteptrader,,
Toss,greenhouse,tosscareers,,
Tower Peak Partners,greenhouse,towerpeak,,
Tower Research Capital,greenhouse,towerresearchcapital,,
Trace3,greenhouse,trace3,,
Track OMC,greenhouse,trackomc,,
Trade Republic,greenhouse,traderepublicbank,,
TransMarket Group,greenhouse,transmarketgroup,,
TransUnion,workday,wd5,transunion,transunion
Triumvirate Environmental,greenhouse,triumvirateenvironmental,,
TrueLayer,greenhouse,truelayer,,
Trust & Will,greenhouse,trustwill,,
Trust Bank,greenhouse,trustbank,,
Tudor Investment Corporation,greenhouse,tudorgroup,,
Universal,greenhouse,universal,,
Unlock Health,greenhouse,unlockhealth,,
Upgrade,greenhouse,upgrade,,
Upstart,greenhouse,upstart,,
Vaco LLC,greenhouse,vaco,,
Vatic Labs,greenhouse,vaticlabs,,
Verifone,greenhouse,verifone,,
"Verista, Inc.",greenhouse,veristainc,,
Verstela,greenhouse,verstela,,
"Vestmark, Inc.",greenhouse,vestmark,,
Vestwell,greenhouse,vestwell,,
Viking Global Investors,greenhouse,vikingglobalinvestors,,
Virtu Financial,greenhouse,virtu,,
VISASQ/COLEMAN,greenhouse,colemanresearch,,
Vise,greenhouse,viseai,,
"Wachtell, Lipton, Rosen & Katz",workday,wd1,vhr_wachtelllipton,wlrk
Walleye Capital Full Time,greenhouse,walleyecapital-external-fulltime,,
Warburg Pincus LLC,greenhouse,warburgpincusllc,,
We. Singapore,greenhouse,wesingapore,,
Weiss Asset Management,greenhouse,weissassetmanagement,,
Weploy,greenhouse,weploy,,
Wettermark Keith,greenhouse,wettermarkkeith,,
Wilson Elser - Business & Legal Professionals,greenhouse,wilsonelser,,
WithCoverage,greenhouse,withcoverage,,
Wolters Kluwer,workday,wd3,wk,External
WOO X,greenhouse,woo,,
Woolpert,greenhouse,woolpert,,
WorldQuant,greenhouse,worldquant,,
WPP,greenhouse,akqa,,
WPP,greenhouse,bursonglobalcareers,,
WPP,greenhouse,wpp,,
WPP,greenhouse,gtb,,
WPP,greenhouse,hudsonrouge,,
WPP,greenhouse,landor,,
WPP,greenhouse,ogilvy,,
WPP,greenhouse,scangroup,,
WPP,greenhouse,vmlcanadaen,,
WPP,greenhouse,vmlenterprisesolutions,,
WPP,greenhouse,map,,
WPP,greenhouse,wppmedia,,
Wunder,greenhouse,wundercapital,,
Xantium,greenhouse,xantium,,
Xapo Bank,greenhouse,xapo61,,
Xendit,greenhouse,xendit,,
XTX Markets,greenhouse,xtxmarketstechnologies,,
Yes Energy,greenhouse,yesenergy,,
YipitData,greenhouse,yipitdata,,
YipitData (Alternative),greenhouse,yipitdatajobs,,
YouGov,greenhouse,yougov,,
Zinnia,greenhouse,zinnia,,
Zinnia - Employee Referral,greenhouse,zind-erprogram,,
Zip Co Limited,greenhouse,zipcolimited,,
Zühlke,workday,wd3,zuehlke,Zuhlke-Careers
